Factor,total_comparisons,significant_comparisons,avg_t_stat,avg_cohen_d,proportion_significant
Choice Set,600,134,,-0.09932314153012635,0.22333333333333333
Formulation Key,60,23,-0.8690094651702656,-0.1773943845945931,0.38333333333333336
Language,60,14,-0.08589007667814237,-0.018967522078280542,0.23333333333333334
